official name#ine code#name in spanish#name in basque#population (2007)
alegría - dulantzi#1001#alegría de álava#dulantzi#2305
amurrio#1002#amurrio#amurrio#9879
añana#1049#añana#añana#181
aramaio#1003#aramayona#aramaio#1493
armiñón#1006#armiñón#armiñon#199
arraia - maeztu#1037#arraya - maestu#arraia - maeztu#718
arrazua - ubarrundia#1008#arrazua - ubarrundia#arratzu - ubarrundia#880
artziniega#1004#arceniega#artziniega#1702
asparrena#1009#aspárrena#asparrena#1578
ayala / aiara#1010#ayala#aiara#2635
baños de ebro / mañueta#1011#baños de ebro#mañueta#357
barrundia#1013#barrundia#barrundia#818
berantevilla#1014#berantevilla#berantebila#446
bernedo#1016#bernedo#bernedo#581
campezo / kanpezu#1017#campezo#kanpezu#1106
elburgo / burgelu#1021#elburgo#burgelu#524
elciego#1022#elciego#eltziego#1001
elvillar / bilar#1023#elvillar#bilar#356
harana / valle de arana#1056#valle de arana#harana#313
iruña de oca / iruña oka#1901#iruña de oca#iruña oka#2587
iruraiz - gauna#1027#iruraiz - gauna#iruraitz - gauna#483
kripan#1019#cripán#kripan#184
kuartango#1020#cuartango#kuartango#358
labastida#1028#labastida#bastida#1475
lagrán#1030#lagrán#lagran#194
laguardia#1031#laguardia#guardia#1484
lanciego / lantziego#1032#lanciego#lantziego#687
lantarón#1902#lantarón#lantaron#964
lapuebla de labarca#1033#lapuebla de labarca#lapuebla labarka#882
laudio / llodio#1036#llodio#laudio#18397
legutiano#1058#villarreal de álava#legutiano#1587
leza#1034#leza#leza#230
moreda de álava#1039#moreda de álava#arabako moreda#275
navaridas#1041#navaridas#navaridas#218
okondo#1042#oquendo#okondo#1064
oyón - oion#1043#oyón#oion#3014
peñacerrada - urizaharra#1044#peñacerrada#urizaharra#253
ribera alta#1046#ribera alta#erriberagoita#683
ribera baja / erribera beitia#1047#ribera baja#erriberabeitia#1130
salvatierra / agurain#1051#salvatierra#agurain#4407
samaniego#1052#samaniego#samaniego#313
san millán / donemiliaga#1053#san millán#donemiliaga#744
urkabustaiz#1054#urcabustaiz#urkabustaiz#1141
valdegovía#1055#valdegovía#gobiaran#1112
villabuena de álava / eskuernaga#1057#villabuena de álava#eskuernaga#314
vitoria - gasteiz#1059#vitoria#gasteiz#229484
yécora / iekora#1060#yécora#iekora#293
zalduondo#1061#zalduendo de álava#zalduondo#185
zambrana#1062#zambrana#zanbrana#360
zigoitia#1018#cigoitia#zigoitia#1513
