name#short name#city#region#girone#home venue
s.s.d. acireale calcio 1946#acireale#acireale#sicily#i#tupparello
f.c. alzanocene 1909#alzanocene#alzano lombardo , cene#lombardy#b#carillo pesenti pigna ( alzano lombardo )
s.p.d. amiternina#amiternina#scoppito#abruzzo#f#dorico
u.s. ancona 1905#ancona#ancona#marche#f#dorico
a.s.d. anziolavinio#anziolavinio#anzio#lazio#g#massimo bruschini
a.s.d. atletico arezzo#arezzo#arezzo#tuscany#e#città di arezzo
pol. arzachena#arzachena#arzachena#sardinia#g#biagio pirina
a.c.d. asti#asti#asti#piedmont#a#censin bosia
a.s.d. astrea#astrea#rome#lazio#f#casal del marmo
a.s.d. atletico bettolaponte pro piacenza#atletico pro piacenza#piacenza#emilia - romagna#d#g. siboni
f.c. atletico montichiari#atletico montichiari#montichiari#lombardy#b#romeo menti
aurora seriate calcio#aurora seriate#seriate#lombardy#b#comunale
g.s. bagnolese#bagnolese#bagnolo in piano#emilia - romagna#d#fratelli campari
a.c. bastia 1924#bastia#bastia umbra#umbria#e#comunale
a.s.d. battipagliese#battipagliese#battipaglia#campania#h#luigi pastena
a.c. belluno 1905#belluno#belluno#veneto#c#polisportivo
g.s.d. bogliasco d'albertis#bogliasco#bogliasco#liguria#a#eugenio broccardi ( santa margherita ligure )
borgosesia calcio#borgosesia#borgosesia#piedmont#a#comunale
a.s.d. bra#bra#bra#piedmont#a#madonna dei fiori
s.s.d. città di brindisi#brindisi#brindisi#apulia#h#franco fanuzzi
budoni calcio#budoni#budoni#sardinia#g#comunale
camaiore calcio#camaiore#camaiore#tuscany#d#comunale
a.s.d. ctl campania piscinola#campania#piscinola#campania#h#dietro la vigna
u.s.d. caravaggio#caravaggio#caravaggio#lombardy#b#comunale
s.c. caronnese#caronnese#caronno pertusella#lombardy#b#comunale
a.s.d. casacastalda#casacastalda#valfabbrica#umbria#e#comunale
casertana f.c#casertana#caserta#campania#g#alberto pinto
a.c. castellana#castellana#castel goffredo#lombardy#b#comunale
a.s. castel rigone#castel rigone#passignano sul trasimeno#umbria#e#san bartolomeo
a.s.d. atletico castenaso van goof#castenaso#castenaso#emilia - romagna#d#comunale
celano f.c. marsica#celano#celano#abruzzo#g#fabio piccone
a.s.d. cerea calcio 1912#cerea#cerea#veneto#c#comunale
s.s.d. città di messina#città di messina#messina#sicily#h#giovanni celeste
città di potenza s.s#città di potenza#potenza#basilicata#h#stadio alfredo viviani
a.s.d. chiavari calcio caperana#chiavari caperana#chiavari#liguria#a#angelo daneri
a.s.d.c. chieri 1955#chieri#chieri#piedmont#a#piero de paoli
civitanovese calcio#civitanovese#civitanova marche#marche#f#comunale
a.s.d. civitavecchia 1920#civitavecchia#civitavecchia#lazio#g#giovanni maria fattori
a.s.d. clodiense#clodiense#chioggia#veneto#c#aldo e dino ballarin
comprensorio normanno#comprensorio normanno#paternò#sicily#i#falcone - borsellino
nuova cosenza calcio#cosenza#cosenza#calabria#i#san vito
a.s.d. cynthia 1920#cynthia#genzano di roma#lazio#g#comunale
u.s. darfo boario s.s.d#darfo boario#darfo boario terme#lombardy#b#comunale
u.s.d. calcio delta porto tolle#delta porto tolle#porto tolle#veneto#c#comunale
derthona f.b.c. 1908#derthona#tortona#piedmont#a#fausto coppi
a.s. deruta#deruta#deruta#umbria#e#comunale
a.c. este#este#este#veneto#c#nuovo comunale
a.s.d. fersina perginese#fersina perginese#pergine valsugana#trentino - alto adige / südtirol#b#comunale
f.c. fidene#fidene#rome#lazio#f#walter cervini
a.c. fidenza 1922#fidenza#fidenza#emilia - romagna#d#dario ballotta
u.s.d. fiesolecaldine#fiesolecaldine#fiesole#tuscany#e#poggioloni
a.s.d. flaminia civita castellana#flaminia civita castellana#civita castellana#lazio#e#turrido madani
a.c.d. foggia calcio#foggia#foggia#apulia#h#pino zaccheria
u.s. folgore caratese a.s.d#folgore caratese#carate brianza#lombardy#a#xxv aprile
u.s. forcoli calcio 1921#forcoli#palaia#tuscany#d#guido brunner
a.c. formigine a.s.d#formigine#formigine#emilia - romagna#d#pincelli
a.s.d. fortis juventus 1909#fortis juventus#borgo san lorenzo#tuscany#d#romanelli
a.s. fortis trani#fortis trani#trani#apulia#h#comunale
f.c. francavilla#francavilla#francavilla in sinni#basilicata#h#nunzio fittipaldi
gelbison cilento s.s.d#gelbison cilento#vallo della lucania#campania#i#g. morra
a.s.d. giorgione calcio 2000#giorgione#castelfranco veneto#veneto#c#comunale
a.s.d.c. gozzano#gozzano#gozzano#piedmont#a#comunale
a.d.c. ars et labor grottaglie#grottaglie#grottaglie#apulia#h#d'amuri
a.s.d. s.f. gladiator#gladiator#santa maria capua vetere#campania#h#mario piccirillo
a.s.d. imperia#imperia#imperia#liguria#a#nino ciccione
a.s.d. ischia isolaverde#ischia#ischia#campania#h#vincenzo mazzella
isernia f.c#isernia#isernia#molise#f#mario lancellotta
a.c. isola liri#isola liri#isola del liri#lazio#g#conte arduino mangoni
jesina calcio#jesina#jesi#marche#f#pacifico carotti
n.k. kras a.s.d#kras#monrupino#friuli - venezia giulia#c#repen
a.s.d. lanciotto campi bisenzio#lanciotto#campi bisenzio#tuscany#e#comunale
u.s.d. lavagnese 1919#lavagnese#lavagna#liguria#a#edoardo riboli
calcio lecco 1912#lecco#lecco#lombardy#b#rigamonti - ceppi
f.c. legnago salus s.s.d#legnago salus#legnago#veneto#c#mario sandrini
a.s.d. licata 1931#licata#licata#sicily#i#dino liotta
f.c. lucchese 1905#lucchese#lucca#tuscany#d#porta elisa
a.s.d. lupa frascati#lupa frascati#frascati#lazio#g#viii settembre
s.s. maceratese 1922#maceratese#macerata#marche#f#helvia recina
a.s.d. mapellobonate calcio#mapellobonate#mapello , bonate sopra#lombardy#b#comunale ( mapello )
a.s.d. città di marino#marino#marino#lazio#f#comunale
s.s.d. massese#massese#massa#tuscany#d#degli oliveti
a.s.d. matera calcio#matera#matera#basilicata#h#xxi settembre - franco salerno
a.c.r. messina#messina#messina#sicily#i#san filippo
a.c. mezzocorona#mezzocorona#mezzocorona#trentino - alto adige / südtirol#b#comunale
a.s.d. mezzolara#mezzolara#budrio#emilia - romagna#d#pietro zucchini
s.s. monospolis#monospolis#monopoli#apulia#h#vito simone veneziani
s.s. comprensorio montalto uffugo#montalto uffugo#montalto uffugo#calabria#i#comunale
calcio montebelluna#montebelluna#montebelluna#veneto#c#san vigilio
a.s.d. nardò calcio#nardò#nardò#apulia#h#giovanni paolo ii
nissa f.c. a.s.d#nissa#caltanissetta#sicily#i#marco tomaselli
u.s.d. noto calcio#noto#noto#sicily#i#polisportivo palatucci
u.s.d. novese#novese#novi ligure#piedmont#a#costante girardengo
u.s. olginatese#olginatese#olginate#lombardy#b#comunale
pol. olympia agnonese#olympia agnonese#agnone#molise#f#civitelle
a.s. ostia mare 1945#ostia mare#ostia#lazio#f#anco marzio
a.c. palazzolo a.s.d#palazzolo#palazzolo acreide#sicily#i#alessandro scrofani salustro
u.s. pergolettese 1932#pergolettese#crema#lombardy#b#giuseppe voltini
u.s. pianese#pianese#piancastagnaio#tuscany#e#comunale
a.s.d. pierantonio calcio 1965#pierantonio#umbertide#umbria#e#comunale
u.s. pistoiese 1921#pistoiese#pistoia#tuscany#d#marcello melani
a.s.d.c. pomigliano#pomigliano#pomigliano d'arco#campania#g#ugo gobbato
a.c. ponte san pietro isola s.s.d#pontisola#ponte san pietro , terno d'isola#lombardy#b#matteo legler ( ponte san pietro )
a.s.d. pontevecchio#pontevecchio#ponte san giovanni#umbria#e#degli ornari
pordenone calcio s.s.d#pordenone#pordenone#friuli - venezia giulia#c#ottavio bottecchia
a.c. porto torres#porto torres#porto torres#sardinia#g#comunale
u.s.d. pro cavese#pro cavese#cava de' tirreni#campania#i#simonetta lamberti
s.s.d. pro sesto calcio#pro sesto#sesto san giovanni#lombardy#b#breda
progetto calcio sant'elia#progetto sant'elia#cagliari#sardinia#g#comunale ( sanluri )
a.s.d. puteolana 1902 internapoli#puteolana internapoli#pozzuoli#campania#h#domenico conte
a.s.d. ragusa calcio#ragusa#ragusa#sicily#i#aldo campo
a.s.d. real s.m. hyria nola 2012#real hyria nola#nola#campania#g#sporting club
real spal#real spal#ferrara#emilia - romagna#d#paolo mazza
real vicenza v.s. s.s.d#real vicenza#vicenza#veneto#f#romeo menti
u.s.d. recanatese#recanatese#recanati#marche#f#nicola tubaldi
renato curi angolana#renato curi angolana#città sant'angelo#abruzzo#f#comunale
a.s.d.p. ribera 1954#ribera#ribera#sicily#i#nino novara
a.s.d. riccione 1929#riccione#riccione#emilia - romagna#d#italo niccoletti
g.s.d. rosignano sei rose#rosignano#rosignano marittimo#tuscany#d#ernesto solvay
sacilese calcio#sacilese#sacile#friuli - venezia giulia#c#xxv aprile - aldo castenetto
u.s. sambenedettese#sambenedettese#san benedetto del tronto#marche#f#riviera delle palme
a.s.d. sambiase 1962#sambiase#lamezia terme#calabria#i#guido d'ippolito
a.c. sambonifacese#sambonifacese#san bonifacio#veneto#c#renzo tizian
san basilio palestrina#san basilio palestrina#palestrina#lazio#g#comunale
a.s.d. san cesareo calcio#san cesareo#san cesareo#lazio#f#comunale
sandonàjesolocalcio#sandonàjesolo#san donà di piave#veneto#c#verino zanutto
san nicolò calcio#san nicolò#san nicolò a tordino#abruzzo#f#comunale ( teramo )
calcio san paolo padova#san paolo padova#padua#veneto#c#plebiscito
a.s.d. sansepolcro calcio#sansepolcro#sansepolcro#tuscany#e#giovanni buitoni
a.c.d. sant'angelo 1907#sant'angelo#sant'angelo lodigiano#lombardy#b#carlo chiesa
f.c. sant'antonio abate#sant'antonio abate#sant'antonio abate#campania#h#comunale
santhià calcio#santhià#santhià#piedmont#a#fabio pairotto
a.s.d. sanvitese#sanvitese#san vito al tagliamento#friuli - venezia giulia#c#comunale
a.s.d. sarnese 1926#sarnese#sarno#campania#g#felice squitieri
a.c. savoia 1908#savoia#torre annunziata#campania#i#alfredo giraud
scandicci calcio#scandicci#scandicci#tuscany#e#turri
a.s.d. selargius calcio#selargius#selargius#sardinia#g#generale porcu
u.s.d. 1913 seregno calcio#seregno#seregno#lombardy#b#ferruccio
u.s.d. sestri levante 1919#sestri levante#sestri levante#liguria#a#giuseppe sivori
a.s.d. g.c. sora#sora#sora#lazio#g#claudio tomei
a.s.d. sporting terni#sporting terni#terni#umbria#e#mirko fabrizi
a.s.d. sporting club trestina#sporting trestina#trestina#umbria#e#lorenzo casini
a.s.c. st. georgen#st. georgen#bruneck#trentino - alto adige / südtirol#b#comunale
s.p. tamai#tamai#brugnera#friuli - venezia giulia#c#comunale
a.s.d. termoli calcio 1920#termoli#termoli#molise#f#gino cannarsa
a.s.d. todi calcio#todi#todi#umbria#e#franco martelli
a.p.d. tortona villalvernia#tortona villalvernia#tortona#piedmont#a#fausto coppi
trento calcio 1921#trento#trento#trentino - alto adige / südtirol#b#stadio briamasco
a.s.d. trezzano calcio#trezzano#trezzano sul naviglio#lombardy#a#comunale
a.c.d. trissino - valdagno#trissino - valdagno#valdagno#veneto#c#dei fiori
f.c. torre neapolis 1944#torre neapolis#torre del greco#campania#g#amerigo liguori
a.s.d. s.e.f. torres 1903#torres#sassari#sardinia#g#vanni sanna
a.s.d. san miniato tuttocuoio#tuttocuoio#san miniato#tuscany#d#leporaia
a.s. union quinto#union quinto#quinto di treviso#veneto#c#omobono tenni
s.s. verbania calcio#verbania#verbania#piedmont#a#carlo pedroli
f.c. verbano calcio#verbano#besozzo#lombardy#a#comunale
u.s. vibonese calcio#vibonese#vibo valentia#calabria#i#luigi razza
pol. virtus castelfranco calcio#virtus castelfranco#castelfranco emilia#emilia - romagna#d#fausto ferrarini
a.s.d. virtus pavullese#virtus pavullese#pavullo nel frignano#emilia - romagna#d#giuseppe minelli
u.s.d. virtusvecomp verona#virtus verona#verona#veneto#c#gavagnin
a.s.d. vis pesaro 1898#vis pesaro#pesaro#marche#f#tonino benelli
a.s. viterbese calcio#viterbese#viterbo#lazio#e#enrico rocchi
a.c. voghera#voghera#voghera#lombardy#b#giovanni parisi
voluntas calcio spoleto#voluntas spoleto#spoleto#umbria#e#comunale
