team#university#location#year entered league#2013–14 division
aru rhinos#anglia ruskin university#cambridge#2012#south eastern a
bangor muddogs#bangor university#bangor , gwynedd#2009#north western
bath killer bees#university of bath#bath#1992#western
bath spa bulldogs#bath spa university#bath#2010#western
birmingham lions#university of birmingham#birmingham#1989#midland
bnu buccaneers#buckinghamshire new university#chalfont st giles#2008#south eastern a
bradford bears#university of bradford#bradford#2011#north eastern
brighton tsunami#university of brighton#brighton#2003#south
bristol barracuda#university of bristol#bristol#2007#western
brunel burners#brunel university#uxbridge#2010#south eastern b
cambridge pythons#university of cambridge#cambridge#2011#south eastern a
canterbury chargers#canterbury christ church university#canterbury#2009#south eastern a
cardiff cobras#cardiff university#cardiff#1987#western
city sentinels#city university london#islington , london#2013#south eastern b
coventry jets#coventry university#coventry#2010#midland
derby braves#university of derby#derby#1996#north western
dmu falcons#de montfort university#leicester#2011#midland
durham saints#durham university#durham#2007#north eastern
edinburgh napier knights#edinburgh napier university#edinburgh#2004#scottish
edinburgh predators#university of edinburgh#edinburgh#2009#scottish
essex blades#university of essex#colchester#2001#south eastern a
exeter demons#university of exeter#exeter#2009#western
fxu tridents#falmouth university#falmouth#2013#western
glasgow tigers#university of glasgow#glasgow#1986#scottish
gloucestershire gladiators#university of gloucestershire#cheltenham#2010#western
greenwich mariners#university of greenwich#crystal palace#2004#south eastern b
hallam warriors#sheffield hallam university#sheffield#2003#north western
hertfordshire hurricanes#university of hertfordshire#hatfield#1994#south eastern a
huddersfield hawks#university of huddersfield#huddersfield#2007#north eastern
imperial immortals#imperial college london#south kensington#2009#south eastern b
kcl regents#king 's college london#southwark#2010#south eastern b
keele crusaders#keele university#keele , staffordshire#2013#north western
kent falcons#university of kent#canterbury#1996#south eastern a
kingston cougars#kingston university#kingston upon thames#2012#south eastern b
lancaster bombers#lancaster university#lancaster#1991#north western
leeds carnegie#leeds metropolitan university#leeds#2009#north eastern
leeds celtics#university of leeds#leeds#1990#north eastern
leicester longhorns#university of leicester#leicester#1985#midland
lincoln colonials#university of lincoln#lincoln#2006#midland
liverpool fury#liverpool john moores university#liverpool#2008#north western
loughborough aces#loughborough university#loughborough#1988#midland
lsbu spartans#london south bank university#southwark#2010#south eastern b
manchester tyrants#university of manchester#manchester#2009#north western
mmu eagles#manchester metropolitan university#manchester#2011#north western
newcastle raiders#newcastle university#gateshead#1985#north eastern
northampton nemesis#university of northampton#northampton#2011#south eastern a
northumbria mustangs#northumbria university#gateshead#2008#north eastern
nottingham outlaws#university of nottingham#nottingham#1996#midland
ntu renegades#nottingham trent university#nottingham#2009#midland
obu panthers#oxford brookes university#oxford#2010#south
oxford lancers#university of oxford#oxford#2012#south
plymouth blitz#university of plymouth#plymouth#2001#western
portsmouth destroyers#university of portsmouth#portsmouth#2006#south
reading knights#university of reading#reading#1987#south
royal holloway bears#royal holloway , university of london#egham#2005#south eastern b
sheffield sabres#university of sheffield#sheffield#2000#north western
solent redhawks#southampton solent university#southampton#2009#south
southampton stags#university of southampton#southampton#1989#south
staffordshire stallions#staffordshire university#stoke - on - trent#1992#north western
stirling clansmen#university of stirling#stirling#1985#scottish
sunderland spartans#university of sunderland#sunderland#2004#north eastern
surrey stingers#university of surrey#guildford#1994#south
sussex saxons#university of sussex#falmer , east sussex#2013#south
swansea titans#swansea university#swansea#2009#western
tarannau aberystwyth#aberystwyth university#aberystwyth#1992#western
teesside cougars#teesside university#middlesbrough#1985#north eastern
uclan rams#university of central lancashire#preston , lancashire#2012#north western
uea pirates#university of east anglia#norwich#1987#south eastern a
uh sharks#university of hull#kingston upon hull#1985#north eastern
uwe bullets#university of the west of england#filton#1992#western
uws pyros#university of the west of scotland , paisley campus#paisley#2003#scottish
warwick wolves#university of warwick#warwick#1989#midland
westminster dragons#university of westminster#westminster#2011#south eastern b
wolverhampton wildcats#university of wolverhampton#wolverhampton#2012#midland
worcester royals#university of worcester#worcester#2009#midland
york centurions#university of york#york#2009#north eastern
