city#country#iata#icao#airport
abu dhabi#united arab emirates#auh#omaa#abu dhabi international airport
adelaide#australia#adl#ypad#adelaide airport
alor setar#malaysia#aor#wmka#sultan abdul halim airport
bacolod#philippines#bcd#rpvb#bacolod - silay international airport
balikpapan#indonesia#bpn#wall#sams airport
banda aceh#indonesia#btj#witt#sultan iskandar muda international airport
bandar seri begawan#brunei#bwn#wbsb#brunei international airport
bandung#indonesia#bdo#wicc#husein sastranegara international airport
bangalore#india#blr#vobl#bengaluru international airport
bangkok#thailand#bkk#vtbs#suvarnabhumi airport
bangkok#thailand#dmk#vtbd#don mueang international airport
batam#indonesia#bth#widd#hang nadim airport
beijing#china#pek#zbaa#beijing capital international airport
bintulu#malaysia#btu#wbgb#bintulu airport
busan#south korea#pus#rkpk#gimhae international airport
cagayan de oro#philippines#cgy#rp02#laguindingan international airport
cebu#philippines#ceb#rpvm#mactan - cebu international airport
chengdu#china#ctu#zuuu#chengdu shuangliu international airport
chennai#india#maa#vomm#chennai international airport
chiang mai#thailand#cnx#vtcc#chiang mai international airport
chiang rai#thailand#cei#vtct#mae fah luang international airport
chongqing#china#ckg#zuck#chongqing jiangbei international airport
christchurch#new zealand#chc#nzch#christchurch international airport
clark#philippines#crk#rplc#clark international airport
colombo#sri lanka#cmb#vcbi#bandaranaike international airport
da nang#vietnam#dad#vvdn#da nang international airport
darwin#australia#drw#ypdn#darwin international airport
davao#philippines#dvo#rpmd#francisco bangoy international airport
delhi#india#del#vidp#indira gandhi international airport
denpasar#indonesia#dps#wadd#ngurah rai international airport
dhaka#bangladesh#dac#vcbi#shahjalal international airport
fukuoka#japan#fuk#rjff#fukuoka airport
gold coast#australia#ool#ybcg#gold coast airport
guangzhou#china#can#zggg#guangzhou baiyun international airport
guilin#china#kwl#zgkl#guilin liangjiang international airport
haikou#china#hak#zjhk#haikou meilan international airport
hangzhou#china#hgh#zshc#hangzhou xiaoshan international airport
hanoi#vietnam#han#vvnb#noi bai international airport
hat yai#thailand#hdy#vtss#hat yai international airport
ho chi minh city#vietnam#sgn#vvts#tan son nhat international airport
hong kong#hong kong#hkg#vhhh#hong kong international airport
hyderabad#india#hyd#vohs#rajiv gandhi international airport
iloilo#philippines#ilo#rpvi#iloilo international airport
ipoh#malaysia#iph#wmki#sultan azlan shah airport
jakarta#indonesia#cgk#wiii#soekarno–hatta international airport
jeddah#saudi arabia#jed#oejn#king abdulaziz international airport
johor bahru#malaysia#jhb#wmkj#senai international airport
kalibo#philippines#klo#rpvk#kalibo international airport
kathmandu#nepal#ktm#vnkt#tribhuvan international airport
khon kaen#thailand#kkc#vtuk#khon kaen airport
kochi#india#cok#voci#cochin international airport
kolkata#india#ccu#vecc#netaji subhash chandra bose international airport
kota bahru#malaysia#kbr#wmkc#sultan ismail petra airport
kota kinabalu#malaysia#bki#wbkk#kota kinabalu international airport
krabi#thailand#kbv#vtsg#krabi airport
kuala lumpur#malaysia#kul#wmkk#kuala lumpur international airport
kuala terengganu#malaysia#tgg#wmkn#sultan mahmud airport
kuantan#malaysia#kua#wmkd#sultan haji ahmad shah airport
kuching#malaysia#kch#wbgg#kuching international airport
kunming#china#kmg#zppp#kunming changshui international airport
labuan#malaysia#lbu#wbkl#labuan airport
langkawi#malaysia#lgk#wmkl#langkawi international airport
lombok#indonesia#lop#wadl#lombok international airport
london#united kingdom#stn#egss#london stansted airport
london#united kingdom#lgw#egkk#london gatwick airport
macau#macau#mfm#vmmc#macau international airport
makassar#indonesia#upg#waaa#sultan hasanuddin international airport
malé#maldives#mle#vrmm#ibrahim nasir international airport
manado#indonesia#mdc#wamm#sam ratulangi international airport
mandalay#burma#mdy#vymd#mandalay international airport
manila#philippines#mnl#rpll#ninoy aquino international airport
medan#indonesia#mes#wimm#polonia international airport
medan#indonesia#kno#wimm#kuala namu international airport
melbourne#australia#mel#ymml#melbourne airport
miri#malaysia#myy#wbgr#miri international airport
mumbai#india#bom#vabb#chhatrapati shivaji international airport
mukah#malaysia#mkm#wbgk#mukah airport
nagoya#japan#ngo#rjff#chubu centrair international airport
nakhon phanom#thailand#kop#vtuw#nakhon phanom airport
nakhon si thammarat#thailand#nst#vtsf#nakhon si thammarat airport
nanning#china#nng#zgnn#nanning wuxu international airport
narathiwat#thailand#naw#vtsc#narathiwat airport
naypyidaw#burma#nyt#vynt#naypyidaw airport
okinawa#japan#oka#roah#naha airport
osaka#japan#kix#rjbb#kansai international airport
padang#indonesia#pdg#wipt#minangkabau international airport
palembang#indonesia#plm#wipp#sultan mahmud badaruddin ii airport
paris#france#oly#lfpo#paris - orly airport
pekanbaru#indonesia#pku#wibb#sultan syarif qasim ii international airport
penang#malaysia#pen#wmkp#penang international airport
perth#australia#per#ypph#perth airport
phnom penh#cambodia#pnh#vdpp#phnom penh international airport
phuket#thailand#hkt#vtsp#phuket international airport
puerto princesa#philippines#pps#rpvp#puerto princesa international airport
ranong#thailand#unn#vtsr#ranong airport
sandakan#malaysia#sdk#wbks#sandakan airport
sapporo#japan#cts#rjcc#new chitose airport
semarang#indonesia#srg#wars#achmad yani international airport
seoul#south korea#icn#rksi#incheon international airport
shanghai#china#pvg#zspd#shanghai pudong international airport
shenzhen#china#szx#zgsz#shenzhen bao'an international airport
sibu#malaysia#sbw#wbgs#sibu airport
siem reap#cambodia#rep#vdsr#siem reap international airport
singapore#singapore#sin#wsss#singapore changi airport
solo#indonesia#soc#warq#adisumarmo international airport
subang#malaysia#szb#wmsa#sultan abdul aziz shah airport
surabaya#indonesia#sub#warr#juanda international airport
surat thani#thailand#urt#vtsb#surat thani airport
sydney#australia#syd#yssy#sydney airport
tacloban#philippines#tac#rpva#daniel z. romualdez airport
tagbilaran#philippines#tag#rpvt#tagbilaran airport
taipei#taiwan#tpe#rctp#taipei taoyuan international airport
tawau#malaysia#twu#wbkw#tawau airport
tehran#iran#ika#oiie#tehran imam khomeini international airport
thiruvananthapuram#india#trv#votv#trivandrum international airport
tianjin#china#tsn#zbtj#tianjin binhai international airport
tiruchirapalli#india#trz#votr#tiruchirapalli airport
tokyo#japan#hnd#rjtt#haneda airport
tokyo#japan#nrt#rjaa#narita international airport
trang#thailand#tst#vtst#trang airport
ubon ratchathani#thailand#ubp#vtuu#ubon ratchathani airport
udon thani#thailand#uth#vtud#udon thani airport
vientiene#laos#vte#vlvt#wattay international airport
xiamen#china#xmn#zsam#xiamen gaoqi international airport
wuhan#china#wuh#zhhh#wuhan tianhe international airport
xi'an#china#xiy#zlxy#xi'an xianyang international airport
yangon#burma#rgn#vyyy#yangon international airport
yogyakarta#indonesia#jog#warj#adisucipto international airport
